{"info":{"year":"2022","version":"1","description":"Exported from roboflow.ai","contributor":"","url":"https://public.roboflow.ai/object-detection/undefined","date_created":"2022-11-21T01:37:43+00:00"},"licenses":[{"id":1,"url":"https://creativecommons.org/licenses/by/4.0/","name":"CC BY 4.0"}],"categories":[{"id":0,"name":"garage-images","supercategory":"none"},{"id":1,"name":"hammerrotation","supercategory":"garage-images"},{"id":2,"name":"pliersrotation","supercategory":"garage-images"},{"id":3,"name":"screwdriversrotation","supercategory":"garage-images"},{"id":4,"name":"shelvesrotation","supercategory":"garage-images"},{"id":5,"name":"storage cabinetrotation","supercategory":"garage-images"},{"id":6,"name":"tool boxrotation","supercategory":"garage-images"},{"id":7,"name":"totesrotation","supercategory":"garage-images"},{"id":8,"name":"wall panelsrotation","supercategory":"garage-images"},{"id":9,"name":"work benchesrotation","supercategory":"garage-images"},{"id":10,"name":"wrenchesrotation","supercategory":"garage-images"}],"images":[{"id":0,"license":1,"file_name":"000005-1-_jpg.rf.0a7afa818728f43128c46f3ad7e1b4da.jpg","height":640,"width":640,"date_captured":"2022-11-21T01:37:43+00:00"},{"id":1,"license":1,"file_name":"totes9_jpeg.rf.09c698c9575bbd735df4f4bbe05792e4.jpg","height":640,"width":640,"date_captured":"2022-11-21T01:37:43+00:00"},{"id":2,"license":1,"file_name":"000000-4-_jpg.rf.03365fcc57bc87c9641c66421ebbc2e0.jpg","height":640,"width":640,"date_captured":"2022-11-21T01:37:43+00:00"},{"id":3,"license":1,"file_name":"000010_jpg.rf.1765bc8156a7b24af0d62803bf4786d1.jpg","height":640,"width":640,"date_captured":"2022-11-21T01:37:43+00:00"},{"id":4,"license":1,"file_name":"000002-1-_jpg.rf.087e8e2e9de5e7feb3fac19a4ee971d2.jpg","height":640,"width":640,"date_captured":"2022-11-21T01:37:43+00:00"},{"id":5,"license":1,"file_name":"AnyConv-com__images-16-_jpg.rf.0df7631ff75d2fd810779df074e38928.jpg","height":640,"width":640,"date_captured":"2022-11-21T01:37:43+00:00"},{"id":6,"license":1,"file_name":"shelve4_jpeg.rf.21c983db45b90b8b996a560dc3535c4f.jpg","height":640,"width":640,"date_captured":"2022-11-21T01:37:43+00:00"},{"id":7,"license":1,"file_name":"000003-4-_jpg.rf.18147bd690ead30f960cced55435508b.jpg","height":640,"width":640,"date_captured":"2022-11-21T01:37:43+00:00"},{"id":8,"license":1,"file_name":"000002_jpg.rf.12e9c3664ec0838e0f3a73add4147de8.jpg","height":640,"width":640,"date_captured":"2022-11-21T01:37:43+00:00"},{"id":9,"license":1,"file_name":"totes3_jpeg.rf.3911adc7edb610658768bde681dec790.jpg","height":640,"width":640,"date_captured":"2022-11-21T01:37:43+00:00"},{"id":10,"license":1,"file_name":"wallpanel1_jpeg.rf.000aa3dbbf3ea9e165adb5bbd68bae93.jpg","height":640,"width":640,"date_captured":"2022-11-21T01:37:43+00:00"},{"id":11,"license":1,"file_name":"wallpanel9_jpeg.rf.15441ca26b09db585e7ec828611ec2ca.jpg","height":640,"width":640,"date_captured":"2022-11-21T01:37:43+00:00"},{"id":12,"license":1,"file_name":"storagecabinet3_jpg.rf.4bc7707f0b686edb6b337e4ed13ac861.jpg","height":640,"width":640,"date_captured":"2022-11-21T01:37:43+00:00"},{"id":13,"license":1,"file_name":"AnyConv-com__images-20-_jpg.rf.370954ba96e2a530a8488ae8b8a90765.jpg","height":640,"width":640,"date_captured":"2022-11-21T01:37:43+00:00"},{"id":14,"license":1,"file_name":"000006-4-_jpg.rf.5b18e1f3fb2bb8f64777da834bfa692a.jpg","height":640,"width":640,"date_captured":"2022-11-21T01:37:43+00:00"},{"id":15,"license":1,"file_name":"000008_jpg.rf.5589dcd2bad2f39fc4abe30d5058764d.jpg","height":640,"width":640,"date_captured":"2022-11-21T01:37:43+00:00"},{"id":16,"license":1,"file_name":"wallpanel8_jpeg.rf.3b7823f840a4cbe29f26c214730f3f1a.jpg","height":640,"width":640,"date_captured":"2022-11-21T01:37:43+00:00"},{"id":17,"license":1,"file_name":"000010-4-_jpg.rf.7d433bbf55b19fa28f796dc6b52a0442.jpg","height":640,"width":640,"date_captured":"2022-11-21T01:37:43+00:00"},{"id":18,"license":1,"file_name":"AnyConv-com__images-21-_jpg.rf.6dbec10274f835f5ce3d884b54243f85.jpg","height":640,"width":640,"date_captured":"2022-11-21T01:37:43+00:00"},{"id":19,"license":1,"file_name":"000009-4-_jpg.rf.6ca32cf31e9ed61381768439f6475e98.jpg","height":640,"width":640,"date_captured":"2022-11-21T01:37:43+00:00"},{"id":20,"license":1,"file_name":"000010-1-_jpg.rf.6106d80d86f144f0f18b88b4a4742925.jpg","height":640,"width":640,"date_captured":"2022-11-21T01:37:43+00:00"},{"id":21,"license":1,"file_name":"wallpanel5_jpeg.rf.3d2a5ce7559cdd4464d65bf2eec601e3.jpg","height":640,"width":640,"date_captured":"2022-11-21T01:37:43+00:00"},{"id":22,"license":1,"file_name":"000001_jpg.rf.4d4859656558dced1bc69bd8d2a52491.jpg","height":640,"width":640,"date_captured":"2022-11-21T01:37:43+00:00"},{"id":23,"license":1,"file_name":"wallpanel4_jpeg.rf.5f53ad5aefc173cc79778226da20019c.jpg","height":640,"width":640,"date_captured":"2022-11-21T01:37:43+00:00"},{"id":24,"license":1,"file_name":"000008-1-_jpg.rf.620e7b6514027fa822e160944c5405c9.jpg","height":640,"width":640,"date_captured":"2022-11-21T01:37:43+00:00"},{"id":25,"license":1,"file_name":"storagecabinet8_jpg.rf.541e254329543e81e91d0c4ff2baedd1.jpg","height":640,"width":640,"date_captured":"2022-11-21T01:37:43+00:00"},{"id":26,"license":1,"file_name":"storagecabinet7_jpg.rf.6d56bd4a441ca01c7b48cfa9662fa73f.jpg","height":640,"width":640,"date_captured":"2022-11-21T01:37:43+00:00"},{"id":27,"license":1,"file_name":"AnyConv-com__images-18-_jpg.rf.5e99f5bbd1946c61013704e2b53f4b38.jpg","height":640,"width":640,"date_captured":"2022-11-21T01:37:43+00:00"},{"id":28,"license":1,"file_name":"000005-4-_jpg.rf.85a58ce99f6815da1dd307134a123d0a.jpg","height":640,"width":640,"date_captured":"2022-11-21T01:37:43+00:00"},{"id":29,"license":1,"file_name":"000009-1-_jpg.rf.61236d753b3b49101b6ce928d9ce0982.jpg","height":640,"width":640,"date_captured":"2022-11-21T01:37:43+00:00"},{"id":30,"license":1,"file_name":"storagecabinet6_jpg.rf.346156ab4459b5a3a6da74aece6484a3.jpg","height":640,"width":640,"date_captured":"2022-11-21T01:37:43+00:00"},{"id":31,"license":1,"file_name":"000009-3-_jpg.rf.8f5ef566bfe39f36cc586179fb3a692e.jpg","height":640,"width":640,"date_captured":"2022-11-21T01:37:43+00:00"},{"id":32,"license":1,"file_name":"storagecabinet4_jpg.rf.8991415985c07405a7a7a6e786a5b849.jpg","height":640,"width":640,"date_captured":"2022-11-21T01:37:43+00:00"},{"id":33,"license":1,"file_name":"000006-3-_jpg.rf.86ae8a78575d602f6c7e65f58ac5b216.jpg","height":640,"width":640,"date_captured":"2022-11-21T01:37:43+00:00"},{"id":34,"license":1,"file_name":"totes5_jpeg.rf.8b07ccbcbb9e74fdf8268958a6baab33.jpg","height":640,"width":640,"date_captured":"2022-11-21T01:37:43+00:00"},{"id":35,"license":1,"file_name":"wallpanel3_jpeg.rf.96b60dc663ef52ce35a7b558a8881d70.jpg","height":640,"width":640,"date_captured":"2022-11-21T01:37:43+00:00"},{"id":36,"license":1,"file_name":"000010-3-_jpg.rf.8ee7d472d9ab2b1ff337e6dd3889813d.jpg","height":640,"width":640,"date_captured":"2022-11-21T01:37:43+00:00"},{"id":37,"license":1,"file_name":"totes1_jpeg.rf.945c82785931fa4ef0e58e85ba963ec5.jpg","height":640,"width":640,"date_captured":"2022-11-21T01:37:43+00:00"},{"id":38,"license":1,"file_name":"storagecabinet9_jpg.rf.7deb4b3c908a250ffeabe9a162e241ec.jpg","height":640,"width":640,"date_captured":"2022-11-21T01:37:43+00:00"},{"id":39,"license":1,"file_name":"000000-2-_jpg.rf.9a6e06ffd63ea988c278a203c9e5bae7.jpg","height":640,"width":640,"date_captured":"2022-11-21T01:37:43+00:00"},{"id":40,"license":1,"file_name":"wallpanel7_jpeg.rf.9b48deede3eb4fcbaaf8c934a816365e.jpg","height":640,"width":640,"date_captured":"2022-11-21T01:37:43+00:00"},{"id":41,"license":1,"file_name":"000003-3-_jpg.rf.91128d1968e868f93ac1c9fa0bed941b.jpg","height":640,"width":640,"date_captured":"2022-11-21T01:37:43+00:00"},{"id":42,"license":1,"file_name":"000003-2-_jpg.rf.a77a6467c7a81112d3c9374efaf873bd.jpg","height":640,"width":640,"date_captured":"2022-11-21T01:37:43+00:00"},{"id":43,"license":1,"file_name":"000002-3-_jpg.rf.8b0751e1aa558b9c23e010aea1e13f77.jpg","height":640,"width":640,"date_captured":"2022-11-21T01:37:43+00:00"},{"id":44,"license":1,"file_name":"storagecabinet10_jpg.rf.97330c32c829c487e4079c10af9be190.jpg","height":640,"width":640,"date_captured":"2022-11-21T01:37:43+00:00"},{"id":45,"license":1,"file_name":"000002-2-_jpg.rf.a817f478b38e7c803086e56b2f6ad393.jpg","height":640,"width":640,"date_captured":"2022-11-21T01:37:43+00:00"},{"id":46,"license":1,"file_name":"shelve7_jpeg.rf.6d79ce55c57ec17b47b7dfb5500d602d.jpg","height":640,"width":640,"date_captured":"2022-11-21T01:37:43+00:00"},{"id":47,"license":1,"file_name":"AnyConv-com__images-13-_jpg.rf.a3821c98015565f49ee8c3e39e2f3971.jpg","height":640,"width":640,"date_captured":"2022-11-21T01:37:43+00:00"},{"id":48,"license":1,"file_name":"000008-4-_jpg.rf.901633f77bc6568781bee468e1cefffd.jpg","height":640,"width":640,"date_captured":"2022-11-21T01:37:43+00:00"},{"id":49,"license":1,"file_name":"storagecabinet1_jpg.rf.a7f6f2ae5e9831b9548f0eb13796250f.jpg","height":640,"width":640,"date_captured":"2022-11-21T01:37:43+00:00"},{"id":50,"license":1,"file_name":"000004_jpg.rf.ac34d2166f4753dac9493bb1c1e163d2.jpg","height":640,"width":640,"date_captured":"2022-11-21T01:37:43+00:00"},{"id":51,"license":1,"file_name":"shelve6_jpeg.rf.bcf054c9af1d1e3d2593f19422dcffa9.jpg","height":640,"width":640,"date_captured":"2022-11-21T01:37:43+00:00"},{"id":52,"license":1,"file_name":"000007-4-_jpg.rf.c06463889b692eb3c7b987ae8953010c.jpg","height":640,"width":640,"date_captured":"2022-11-21T01:37:43+00:00"},{"id":53,"license":1,"file_name":"000006-2-_jpg.rf.a9339b9b5a6d35aa2d697b00cd75f906.jpg","height":640,"width":640,"date_captured":"2022-11-21T01:37:43+00:00"},{"id":54,"license":1,"file_name":"AnyConv-com__images-17-_jpg.rf.cacc9043a80bcb765673ca835321638a.jpg","height":640,"width":640,"date_captured":"2022-11-21T01:37:43+00:00"},{"id":55,"license":1,"file_name":"wallpanel6_jpeg.rf.c6f052da27dcf1fca05ad11dfa49ff13.jpg","height":640,"width":640,"date_captured":"2022-11-21T01:37:43+00:00"},{"id":56,"license":1,"file_name":"totes4_jpeg.rf.bf1f4d4c2f8bd992145435375d9d2ef0.jpg","height":640,"width":640,"date_captured":"2022-11-21T01:37:43+00:00"},{"id":57,"license":1,"file_name":"totes7_jpeg.rf.ae3919218b7f6ebd35d0b524b79a529a.jpg","height":640,"width":640,"date_captured":"2022-11-21T01:37:43+00:00"},{"id":58,"license":1,"file_name":"shelve3_jpeg.rf.ab7300e115eaf20665b669c79f022eb6.jpg","height":640,"width":640,"date_captured":"2022-11-21T01:37:43+00:00"},{"id":59,"license":1,"file_name":"000003_jpg.rf.c1c670da7f0dd828b15a289f201827c2.jpg","height":640,"width":640,"date_captured":"2022-11-21T01:37:43+00:00"},{"id":60,"license":1,"file_name":"000008-2-_jpg.rf.936f9d2597b83ba7607b56f24102cdff.jpg","height":640,"width":640,"date_captured":"2022-11-21T01:37:43+00:00"},{"id":61,"license":1,"file_name":"AnyConv-com__images-23-_jpg.rf.a94fa62fcaeed016ae45b8fd4fb41db9.jpg","height":640,"width":640,"date_captured":"2022-11-21T01:37:43+00:00"},{"id":62,"license":1,"file_name":"000000-3-_jpg.rf.af98ba0a73ad5f47f7a073488bdd13a5.jpg","height":640,"width":640,"date_captured":"2022-11-21T01:37:43+00:00"},{"id":63,"license":1,"file_name":"storagecabinet2_jpg.rf.cfe4e54bed20c47947a00354d8ca0737.jpg","height":640,"width":640,"date_captured":"2022-11-21T01:37:43+00:00"},{"id":64,"license":1,"file_name":"totes6_jpeg.rf.fc22e71669d6b94721bed6c5cc67cfab.jpg","height":640,"width":640,"date_captured":"2022-11-21T01:37:43+00:00"},{"id":65,"license":1,"file_name":"000003-1-_jpg.rf.d23f2251c5c3b1fbaf10d4b5d131f39d.jpg","height":640,"width":640,"date_captured":"2022-11-21T01:37:43+00:00"},{"id":66,"license":1,"file_name":"000001-4-_jpg.rf.c9de2dc128ff74f0d88639f2dffe5c7c.jpg","height":640,"width":640,"date_captured":"2022-11-21T01:37:43+00:00"},{"id":67,"license":1,"file_name":"wallpanel10_jpeg.rf.e46cd212643c1fc86d5b7b157141aea5.jpg","height":640,"width":640,"date_captured":"2022-11-21T01:37:43+00:00"},{"id":68,"license":1,"file_name":"shelve5_jpeg.rf.aeb5a0937a16b80d5ee408ffdbf25c76.jpg","height":640,"width":640,"date_captured":"2022-11-21T01:37:43+00:00"},{"id":69,"license":1,"file_name":"totes8_jpeg.rf.d0a4119690b72a712651d48c906ba9e5.jpg","height":640,"width":640,"date_captured":"2022-11-21T01:37:43+00:00"},{"id":70,"license":1,"file_name":"000004-4-_jpg.rf.fb6adcdfcca15fd649e675725bb105f3.jpg","height":640,"width":640,"date_captured":"2022-11-21T01:37:43+00:00"},{"id":71,"license":1,"file_name":"shelve10_jpeg.rf.dddaa1d2f91b07d6305d9b1bc8f01a2f.jpg","height":640,"width":640,"date_captured":"2022-11-21T01:37:43+00:00"},{"id":72,"license":1,"file_name":"shelve2_jpeg.rf.ec6e6aa0e42cbd46d89780ef27190881.jpg","height":640,"width":640,"date_captured":"2022-11-21T01:37:43+00:00"},{"id":73,"license":1,"file_name":"totes2_jpeg.rf.e9a9f37a396d6ff595777d27fa91e7fb.jpg","height":640,"width":640,"date_captured":"2022-11-21T01:37:43+00:00"}],"annotations":[{"id":0,"image_id":0,"category_id":3,"bbox":[7,146,626,403.5],"area":252591,"segmentation":[],"iscrowd":0},{"id":1,"image_id":1,"category_id":7,"bbox":[76,0,428,608.5],"area":260438,"segmentation":[],"iscrowd":0},{"id":2,"image_id":2,"category_id":2,"bbox":[0,0,637,636],"area":405132,"segmentation":[],"iscrowd":0},{"id":3,"image_id":3,"category_id":10,"bbox":[7,139,597,320.5],"area":191338.5,"segmentation":[],"iscrowd":0},{"id":4,"image_id":4,"category_id":3,"bbox":[5,33,629.5,530.5],"area":333949.75,"segmentation":[],"iscrowd":0},{"id":5,"image_id":5,"category_id":9,"bbox":[0,0,638,629],"area":401302,"segmentation":[],"iscrowd":0},{"id":6,"image_id":6,"category_id":4,"bbox":[0,8,636.5,618],"area":393357,"segmentation":[],"iscrowd":0},{"id":7,"image_id":7,"category_id":2,"bbox":[3,3,626,627.5],"area":392815,"segmentation":[],"iscrowd":0},{"id":8,"image_id":9,"category_id":7,"bbox":[41,6,589,624.5],"area":367830.5,"segmentation":[],"iscrowd":0},{"id":9,"image_id":10,"category_id":8,"bbox":[3,24,626.5,539],"area":337683.5,"segmentation":[],"iscrowd":0},{"id":10,"image_id":11,"category_id":8,"bbox":[0,21,626,566.5],"area":354629,"segmentation":[],"iscrowd":0},{"id":11,"image_id":12,"category_id":5,"bbox":[5,70,622.5,435.5],"area":271098.75,"segmentation":[],"iscrowd":0},{"id":12,"image_id":13,"category_id":9,"bbox":[0,0,638,632],"area":403216,"segmentation":[],"iscrowd":0},{"id":13,"image_id":14,"category_id":2,"bbox":[23,39,584,584],"area":341056,"segmentation":[],"iscrowd":0},{"id":14,"image_id":15,"category_id":6,"bbox":[32,27,537,603],"area":323811,"segmentation":[],"iscrowd":0},{"id":15,"image_id":16,"category_id":8,"bbox":[38,3,599.5,600.5],"area":359999.75,"segmentation":[],"iscrowd":0},{"id":16,"image_id":17,"category_id":2,"bbox":[0,21,637,589],"area":375193,"segmentation":[],"iscrowd":0},{"id":17,"image_id":18,"category_id":9,"bbox":[12,10,571.5,588],"area":336042,"segmentation":[],"iscrowd":0},{"id":18,"image_id":19,"category_id":2,"bbox":[7,7,615.5,617],"area":379763.5,"segmentation":[],"iscrowd":0},{"id":19,"image_id":20,"category_id":3,"bbox":[10,56,619,527.5],"area":326522.5,"segmentation":[],"iscrowd":0},{"id":20,"image_id":21,"category_id":8,"bbox":[0,0,634,624],"area":395616,"segmentation":[],"iscrowd":0},{"id":21,"image_id":22,"category_id":10,"bbox":[21,25,565.5,514.5],"area":290949.75,"segmentation":[],"iscrowd":0},{"id":22,"image_id":23,"category_id":8,"bbox":[0,4,631.5,597.5],"area":377321.25,"segmentation":[],"iscrowd":0},{"id":23,"image_id":24,"category_id":3,"bbox":[7,13,605,600.5],"area":363302.5,"segmentation":[],"iscrowd":0},{"id":24,"image_id":25,"category_id":5,"bbox":[39,90,563.5,443],"area":249630.5,"segmentation":[],"iscrowd":0},{"id":25,"image_id":26,"category_id":5,"bbox":[10,11,611,610.5],"area":373015.5,"segmentation":[],"iscrowd":0},{"id":26,"image_id":27,"category_id":9,"bbox":[0,0,637,634],"area":403858,"segmentation":[],"iscrowd":0},{"id":27,"image_id":28,"category_id":2,"bbox":[33,215,562,222.5],"area":125045,"segmentation":[],"iscrowd":0},{"id":28,"image_id":29,"category_id":3,"bbox":[0,85,628.5,452.5],"area":284396.25,"segmentation":[],"iscrowd":0},{"id":29,"image_id":30,"category_id":5,"bbox":[0,137,637,398],"area":253526,"segmentation":[],"iscrowd":0},{"id":30,"image_id":31,"category_id":6,"bbox":[0,51,600,523.5],"area":314100,"segmentation":[],"iscrowd":0},{"id":31,"image_id":32,"category_id":5,"bbox":[12,29,626,584],"area":365584,"segmentation":[],"iscrowd":0},{"id":32,"image_id":33,"category_id":6,"bbox":[0,66,636.5,493],"area":313794.5,"segmentation":[],"iscrowd":0},{"id":33,"image_id":34,"category_id":7,"bbox":[19,94,604.5,489.5],"area":295902.75,"segmentation":[],"iscrowd":0},{"id":34,"image_id":35,"category_id":8,"bbox":[0,5,637.5,567.5],"area":361781.25,"segmentation":[],"iscrowd":0},{"id":35,"image_id":36,"category_id":6,"bbox":[5,0,567.5,627.5],"area":356106.25,"segmentation":[],"iscrowd":0},{"id":36,"image_id":37,"category_id":7,"bbox":[45,27,538,576],"area":309888,"segmentation":[],"iscrowd":0},{"id":37,"image_id":38,"category_id":5,"bbox":[113,142,516,413],"area":213108,"segmentation":[],"iscrowd":0},{"id":38,"image_id":39,"category_id":1,"bbox":[186,236,264.5,97],"area":25656.5,"segmentation":[],"iscrowd":0},{"id":39,"image_id":40,"category_id":8,"bbox":[0,14,637,598],"area":380926,"segmentation":[],"iscrowd":0},{"id":40,"image_id":41,"category_id":6,"bbox":[2,108,622.5,507],"area":315607.5,"segmentation":[],"iscrowd":0},{"id":41,"image_id":42,"category_id":1,"bbox":[9,17,619.5,595],"area":368602.5,"segmentation":[],"iscrowd":0},{"id":42,"image_id":43,"category_id":6,"bbox":[0,0,623.5,634],"area":395299,"segmentation":[],"iscrowd":0},{"id":43,"image_id":44,"category_id":5,"bbox":[0,38,634.5,535],"area":339457.5,"segmentation":[],"iscrowd":0},{"id":44,"image_id":45,"category_id":1,"bbox":[3,0,634.5,637],"area":404176.5,"segmentation":[],"iscrowd":0},{"id":45,"image_id":46,"category_id":4,"bbox":[33,0,419.5,231],"area":96904.5,"segmentation":[],"iscrowd":0},{"id":46,"image_id":47,"category_id":9,"bbox":[0,0,637.5,636.5],"area":405768.75,"segmentation":[],"iscrowd":0},{"id":47,"image_id":48,"category_id":10,"bbox":[7,0,608,634],"area":385472,"segmentation":[],"iscrowd":0},{"id":48,"image_id":49,"category_id":5,"bbox":[0,7,637,623],"area":396851,"segmentation":[],"iscrowd":0},{"id":49,"image_id":50,"category_id":10,"bbox":[0,2,634,629],"area":398786,"segmentation":[],"iscrowd":0},{"id":50,"image_id":51,"category_id":4,"bbox":[0,0,623,631],"area":393113,"segmentation":[],"iscrowd":0},{"id":51,"image_id":52,"category_id":2,"bbox":[11,19,607,617],"area":374519,"segmentation":[],"iscrowd":0},{"id":52,"image_id":53,"category_id":1,"bbox":[21,23,600,595.5],"area":357300,"segmentation":[],"iscrowd":0},{"id":53,"image_id":54,"category_id":9,"bbox":[0,0,637.5,636.5],"area":405768.75,"segmentation":[],"iscrowd":0},{"id":54,"image_id":55,"category_id":8,"bbox":[2,10,625,605.5],"area":378437.5,"segmentation":[],"iscrowd":0},{"id":55,"image_id":56,"category_id":7,"bbox":[0,10,637,622.5],"area":396532.5,"segmentation":[],"iscrowd":0},{"id":56,"image_id":57,"category_id":7,"bbox":[35,59,536.5,549],"area":294538.5,"segmentation":[],"iscrowd":0},{"id":57,"image_id":58,"category_id":4,"bbox":[2,5,631,607],"area":383017,"segmentation":[],"iscrowd":0},{"id":58,"image_id":59,"category_id":10,"bbox":[20,13,570.5,553],"area":315486.5,"segmentation":[],"iscrowd":0},{"id":59,"image_id":60,"category_id":1,"bbox":[30,25,554.5,605.5],"area":335749.75,"segmentation":[],"iscrowd":0},{"id":60,"image_id":61,"category_id":9,"bbox":[0,14,634,611.5],"area":387691,"segmentation":[],"iscrowd":0},{"id":61,"image_id":62,"category_id":6,"bbox":[0,61,637,517.5],"area":329647.5,"segmentation":[],"iscrowd":0},{"id":62,"image_id":63,"category_id":5,"bbox":[2,96,632,401.5],"area":253748,"segmentation":[],"iscrowd":0},{"id":63,"image_id":64,"category_id":7,"bbox":[38,20,503,595],"area":299285,"segmentation":[],"iscrowd":0},{"id":64,"image_id":66,"category_id":2,"bbox":[1,11,637,596.5],"area":379970.5,"segmentation":[],"iscrowd":0},{"id":65,"image_id":67,"category_id":8,"bbox":[0,0,637.5,570],"area":363375,"segmentation":[],"iscrowd":0},{"id":66,"image_id":68,"category_id":4,"bbox":[0,1,619,600.5],"area":371709.5,"segmentation":[],"iscrowd":0},{"id":67,"image_id":69,"category_id":7,"bbox":[4,5,623,624.5],"area":389063.5,"segmentation":[],"iscrowd":0},{"id":68,"image_id":70,"category_id":2,"bbox":[25,60,564.5,515],"area":290717.5,"segmentation":[],"iscrowd":0},{"id":69,"image_id":71,"category_id":4,"bbox":[3,101,630.5,515],"area":324707.5,"segmentation":[],"iscrowd":0},{"id":70,"image_id":72,"category_id":4,"bbox":[29,94,604.5,394.5],"area":238475.25,"segmentation":[],"iscrowd":0},{"id":71,"image_id":73,"category_id":7,"bbox":[26,34,563.5,580],"area":326830,"segmentation":[],"iscrowd":0}]}